;Дата;Время;Цена до;Цена после;Разница в долларах;Дельта в процентах;Текст новости
0;2022-10-07;10:52:51;87.940002 ;87.760002 ;-0.1;-0.2;"If You Invested $1,000 In Nike (NKE) Stock At Its COVID-19 Pandemic Low, Here's How Much You'd Have Now
"
1;2022-10-06;13:38:06;90.930000 ;90.320000 ;-0.6;-0.6;"10 Consumer Discretionary Stocks With Whale Alerts In Today's Session
"
2;2022-10-05;13:12:53;89.500000 ;90.539902 ; 1.0; 1.1;"2 NASDAQ earning reports to watch in October
"
3;2022-10-03;14:36:10;86.220001 ;86.129997 ;-0.0;-0.1;"Tesla To Rally Around 43%? Plus This Analyst Predicts $157 For Amazon
"
4;2022-10-03;14:33:22;86.220001 ;86.129997 ;-0.0;-0.1;"Nike Stock Is Rising Today: What's Going On?
"
5;2022-10-03;13:37:21;85.959999 ;86.220001 ; 0.2; 0.3;"Stocks That Hit 52-Week Lows On Monday
"
6;2022-10-03;13:36:08;85.959999 ;86.220001 ; 0.2; 0.3;"10 Consumer Discretionary Stocks Whale Activity In Today's Session
"
7;2022-10-03;11:12:29;84.769997 ;85.540001 ; 0.7; 0.9;"$1000 Invested In This Stock 10 Years Ago Would Be Worth $3,600 Today
"
8;2022-09-30;13:36:05;84.252602 ;84.019997 ;-0.2;-0.2;"10 Consumer Discretionary Stocks With Whale Alerts In Today's Session
"
9;2022-09-30;12:59:41;83.680000 ;84.252602 ; 0.5; 0.6;"Cowen & Co. Maintains Outperform Rating for Nike: Here's What You Need To Know
"
10;2022-09-30;12:58:52;83.680000 ;84.252602 ; 0.5; 0.6;"Citigroup Maintains Neutral Rating for Nike: Here's What You Need To Know
"
11;2022-09-30;12:58:48;83.680000 ;84.252602 ; 0.5; 0.6;"Wedbush Maintains Outperform Rating for Nike: Here's What You Need To Know
"
12;2022-09-30;12:53:20;83.680000 ;84.252602 ; 0.5; 0.6;"Why Dick's Sporting Goods Shares Are Falling Following Nike's Earnings Report
"
13;2022-09-30;12:06:41;85.010002 ;83.680000 ;-1.3;-1.5;"Why Carnival Shares Are Trading Lower By 19%, Here Are 49 Stocks Moving In Friday's Mid-Day Session
"
14;2022-09-30;10:57:19;85.510002 ;85.010002 ;-0.5;-0.5;"'Just Don't Do It': Analysts Slash Nike Price Targets Citing Inventory, China Concerns
"
15;2022-09-29;15:13:10;95.029999 ;95.220001 ; 0.1; 0.1;"How To Trade Nike Stock Before And After Q1 Earnings
"
16;2022-09-29;15:04:43;95.029999 ;95.220001 ; 0.1; 0.1;"What's Going On With Nike Shares
"
17;2022-09-29;13:49:37;94.980003 ;95.029999 ; 0.0; 0.0;"Leveling Off: Market Takes a Breath After Sharp Rally as Inflation Data Loom
"
18;2022-09-29;13:41:13;94.980003 ;95.029999 ; 0.0; 0.0;"10 Consumer Discretionary Stocks Whale Activity In Today's Session
"
19;2022-09-29;10:41:18;96.430000 ;96.510002 ; 0.0; 0.0;"Why Nike Stock Could Climb More Than 5% After Earnings Release
"
20;2022-09-28;13:14:54;98.754997 ;98.559998 ;-0.1;-0.1;"Rising Volatility, Yields, Keep Pressure Churning On Wall Street
"
21;2022-09-27;13:38:21;95.080002 ;95.775002 ; 0.6; 0.7;"10 Consumer Discretionary Stocks With Whale Alerts In Today's Session
"
22;2022-09-27;12:14:17;96.025002 ;95.620003 ;-0.4;-0.4;"Analyzing Nike's Short Interest
"
23;2022-09-27;11:22:31;96.309998 ;96.025002 ;-0.2;-0.2;"Tuesday's Market Minute: Nike (NKE) Earnings Preview
"
24;2022-09-26;15:17:14;96.129997 ;96.339996 ; 0.2; 0.2;"Just DON'T Do it! As The Dollar Get Stronger, Nike's Earnings Get Weaker
"
25;2022-09-26;12:34:03;96.279999 ;95.959999 ;-0.3;-0.3;"Surging Rates and Dollar Worries Set the Stage for a Volatile Week
"
26;2022-09-26;11:14:42;97.349998 ;96.349998 ;-1.0;-1.0;"Walmart In The Metaverse? Coming Soon Thanks To This Gaming Company
"
27;2022-09-23;14:47:17;95.970001 ;96.489998 ; 0.5; 0.5;"S&P 500 Circles New 2022 Lows Following Latest Fed Rate Hike: Is A Recession Inevitable?
"
28;2022-09-22;14:33:10; 98.019997; 98.950897; 0.9; 0.9;"Morgan Stanley Bats For Nike's Outlook Cut Due To Unfavorable Environment
"
29;2022-09-22;14:17:21; 98.430000; 98.019997;-0.4;-0.4;"Stocks That Hit 52-Week Lows On Thursday
"
30;2022-09-22;12:12:33; 98.320000; 98.190002;-0.1;-0.1;"Why This Nike Analyst Says Retailer Can 'Remain One Step Ahead'
"
31;2022-09-22;10:41:28; 99.040001; 98.320000;-0.7;-0.7;"Benzinga's Top Ratings Upgrades, Downgrades For September 22, 2022
"
32;2022-09-21;14:55:46;101.349998;100.860001;-0.4;-0.4;"Wednesday's Market Minute: The Fed is Right to Sink the Stock Market
"
33;2022-09-20;13:37:50;102.269997;102.080002;-0.1;-0.1;"10 Consumer Discretionary Stocks Whale Activity In Today's Session
"
34;2022-09-20;12:06:33;103.470001;103.199997;-0.2;-0.2;"Nike Whale Trades Spotted
"
35;2022-09-15;12:15:30;105.949997;105.650002;-0.2;-0.2;"Roger Federer Retires: How Tennis Star Bet Against Nike And Won Big
"
36;2022-09-14;13:44:51;107.260002;106.540001;-0.7;-0.6;"10 Consumer Discretionary Stocks With Whale Alerts In Today's Session
"
37;2022-09-13;13:36:37;108.070000;107.199997;-0.8;-0.8;"JPMorgan Chase Seeks To Hire Metaverse, Crypto Expert To Boost Industry Presence
"
38;2022-09-12;15:08:42;112.150002;112.349998; 0.1; 0.1;"Where Nike Stands With Analysts
"
39;2022-09-12;12:06:34;112.930000;112.279999;-0.6;-0.5;"What 24 Analyst Ratings Have To Say About Nike
"
40;2022-09-06;11:40:51;105.599998;105.610001; 0.0; 0.0;"'Share The Victory With Us': President Zelensky Rings NYSE Bell Virtually, Welcomes Investment In Ukraine
"
41;2022-09-02;12:32:35;106.949997;105.839996;-1.1;-1.0;"When Will The Amazon, Microsoft And Nike Bounce End? What The Charts Say
"
42;2022-09-01;13:36:10;105.440002;105.680000; 0.2; 0.2;"10 Consumer Discretionary Stocks With Whale Alerts In Today's Session
"
43;2022-08-26;13:36:06;108.845001;108.720001;-0.1;-0.1;"10 Consumer Discretionary Stocks With Whale Alerts In Today's Session
"
44;2022-08-26;13:05:32;109.120003;108.845001;-0.2;-0.2;"What Are Whales Doing With Nike
"
45;2022-08-24;14:45:45;111.419998;111.820000; 0.4; 0.3;"How The Film Industry Will Honor Ukraine Next Month
"
46;2022-08-24;13:33:39;111.775002;111.419998;-0.3;-0.3;"Nike Whale Trades For August 24
"
47;2022-08-24;13:01:24;111.979797;111.775002;-0.2;-0.1;"Here's How Much Nike Has Made From NFTs
"
48;2022-08-23;11:29:42;112.330002;111.209999;-1.1;-0.9;"EXCLUSIVE: A War Of Ideology Is Taking Over The Metaverse. What's At Stake For Big Tech?
"
49;2022-08-23;11:12:56;112.330002;111.209999;-1.1;-0.9;"Is Brittney Griner Receiving Her WNBA Salary Now That Her Second Job In Russia Is Kaput?
"
50;2022-08-22;15:07:51;110.180000;110.190002; 0.0; 0.0;"Why Major Global Brands Are Still Hot For The Metaverse With No Cooling In Sight
"
51;2022-08-22;14:45:09;110.180000;110.190002; 0.0; 0.0;"EXCLUSIVE: The Metaverse Isn't Here Yet. How Do We Get From Hype To Massive User Adoption?
"
52;2022-08-22;10:32:47;110.680000;111.120003; 0.4; 0.3;"Why These 3 Foot Locker Analysts Are More Excited About New CEO Than Q2 Results
"
53;2022-08-19;11:17:52;114.099998;113.879997;-0.2;-0.1;"Check Out What Whales Are Doing With Nike
"
54;2022-08-16;11:07:13;116.410004;117.559998; 1.1; 0.9;"Here's How Much You Would Have Made Owning Nike Stock In The Last 15 Years
"
55;2022-08-15;14:21:12;115.849998;116.110001; 0.2; 0.2;"Foot Locker's Q2 Likely To Reflect Sales & Operating Margin Pressure, Says This Analyst
"
56;2022-08-15;13:39:36;115.849998;116.110001; 0.2; 0.2;"McDonald's Reopening In Ukraine: 'Small But Important Sense Of Normalcy'
"
57;2022-08-12;13:54:52;115.169998;115.260002; 0.0; 0.0;"10 Consumer Discretionary Stocks Whale Activity In Today's Session
"
58;2022-08-09;13:38:25;109.849998;109.860001; 0.0; 0.0;"10 Consumer Discretionary Stocks With Whale Alerts In Today's Session
"
59;2022-08-09;11:03:53;109.800003;109.904999; 0.1; 0.0;"Super Bullish Or Bearish On Tesla Or Apple? These New ETFs Are For You
"
60;2021-08-03;14:28:03;171.285004;170.809998;-0.4;-0.2;"How Much Is Lebron James Actually Worth?
"
61;2022-08-03;13:47:15;114.139999;115.040001; 0.9; 0.7;"10 Consumer Discretionary Stocks Whale Activity In Today's Session
"
62;2022-08-02;13:38:19;112.839996;112.830002;-0.0;-0.0;"Target, Meta Get CNBC Fast Money Mentions: What Stephanie Link Is Buying
"
63;2022-07-20;11:33:56;111.510002;111.385002;-0.1;-0.1;"Looking At Nike's Recent Whale Trades
"
64;2022-07-18;14:10:32;105.290001;104.564499;-0.7;-0.6;"10 Consumer Discretionary Stocks With Whale Alerts In Today's Session
"
65;2022-07-15;14:01:46;105.041000;104.900002;-0.1;-0.1;"$100 Invested In Nike 20 Years Ago Would Be Worth This Much Today
"
66;2022-07-12;14:48:33;104.205002;103.440002;-0.7;-0.7;"This Is What Whales Are Betting On Nike
"
67;2022-07-12;14:45:11;104.205002;103.440002;-0.7;-0.7;"Cboe's Weekly Market Recap: July 5th to July 8th
"
68;2022-07-12;13:00:06;104.959999;104.430000;-0.5;-0.5;"Players Leaving PGA Tour For LIV Golf 'Turned Their Back' On Sport, Tiger Woods Says Ahead Of British Open
"
69;2022-07-11;14:53:44;105.760002;105.203598;-0.5;-0.5;"Joe Terranova Slams Jefferies Lululemon Downgrade: 'I Completely Disagree With The Report'
"
70;2022-07-07;13:56:23;106.940002;107.750000; 0.8; 0.7;"10 Consumer Discretionary Stocks Whale Activity In Today's Session
"
71;2022-07-06;11:45:11;103.941002;103.589996;-0.3;-0.3;"RTFKT, Owned By Nike, Permits Commercial Rights To NFTs For CloneX Holders
"
72;2022-07-01;15:26:03;100.839996;100.739998;-0.0;-0.0;"What Are Whales Doing With Nike
"
73;2022-06-30;12:05:48;102.514999;103.025002; 0.5; 0.4;"Stocks That Hit 52-Week Lows On Thursday
"
74;2022-06-29;12:38:29;103.430099;103.396301;-0.0;-0.0;"Investors Look Ahead To Tomorrow's PCE Inflation Report
"
75;2022-06-29;12:39:04;103.430099;103.396301;-0.0;-0.0;"Stocks That Hit 52-Week Lows On Wednesday
"
76;2022-06-29;11:02:32;104.480003;104.120003;-0.3;-0.3;"Check Out What Whales Are Doing With Nike
"
77;2022-06-28;14:13:28;104.739998;103.190002;-1.5;-1.4;"Why This Investor Says The Selloff In Nike Stock Is 'Absurd'
"
78;2022-06-28;11:52:08;105.139999;105.209999; 0.0; 0.0;"China Cuts Quarantine Times In Half For International Visitors
"
79;2022-06-28;11:02:25;106.290001;105.139999;-1.1;-1.0;"Nike's Fourth Quarter 'Not As Bad As Feared': Why 3 Analysts Are Lowering Price Targets
"
80;2022-06-28;10:50:21;106.290001;105.139999;-1.1;-1.0;"Tuesday's Market Minute: Nike (NKE) Earnings Breakdown
"
81;2022-06-27;15:28:42;110.580002;110.250000;-0.3;-0.2;"How Nike Stock Looks Heading Into The Q4 Earnings Print
"
82;2022-06-27;14:52:12;110.580002;110.250000;-0.3;-0.2;"Why These Nike Investors Are Cautious Ahead Of Earnings
"
83;2022-06-27;13:36:01;110.720001;110.580002;-0.1;-0.1;"10 Consumer Discretionary Stocks With Whale Alerts In Today's Session
"
84;2022-06-24;11:15:01;111.339996;110.489998;-0.8;-0.7;"Earnings Outlook For Nike
"
85;2022-06-23;13:48:14;106.459999;106.764999; 0.3; 0.2;"10 Consumer Discretionary Stocks Whale Activity In Today's Session
"
86;2022-06-23;11:48:11;107.269997;106.370003;-0.8;-0.8;"Oil Prices Fall As Recession Fears Rise
"
87;2022-06-22;14:51:02;105.989998;105.199997;-0.7;-0.7;"Telsey Advisory Cuts Nike Price Target - Read Why
"
88;2022-06-22;10:57:40;106.589996;106.050003;-0.5;-0.5;"Citigroup Boosts Projection For A Likely Global Recession Ahead Of Fed Chair's Testimony
"
89;2022-06-21;14:55:42;108.830002;109.000000; 0.1; 0.1;"Hot Stocks: 11 Tickers Moved By Traders on 'Fast Money Halftime Report'
"
90;2022-06-21;13:34:04;108.849998;108.830002;-0.0;-0.0;"This Stock Has Fallen 35% YTD And Is Now 'The Definition Of Quality On Sale'
"
91;2022-06-21;11:37:46;108.830002;109.260002; 0.4; 0.3;"Fed Presidents Making The Rounds Could Heighten Investor Nervousness
"
92;2022-06-16;14:36:25;106.230003;107.214996; 0.9; 0.9;"Why Nike Shares Are Nosediving Today
"
93;2022-06-15;13:23:00;112.760002;112.610001;-0.1;-0.1;"What Recession? Why Kevin O'Leary Says 'You're All Wrong' About The Economy
"
94;2022-06-15;12:03:11;112.480003;112.760002; 0.2; 0.2;"Here's How Much You Would Have Made Owning Nike Stock In The Last 15 Years
"
95;2022-06-14;14:36:13;111.019997;110.629997;-0.3;-0.3;"Nike Whale Trades For June 14
"
96;2022-06-10;14:45:22;115.339996;115.970001; 0.6; 0.5;"Why Nike, Target And Etsy Shares Are All Falling Today
"
97;2022-06-09;14:13:55;120.375000;120.570000; 0.1; 0.1;"Check Out What Whales Are Doing With Nike
"
98;2022-06-03;13:39:58;121.669998;121.769997; 0.0; 0.0;"Metaverse Index And ETFs: The Latest Financial Innovations Making Investment In NFTs More Secure
"
99;2022-06-03;10:50:42;121.404999;120.794998;-0.6;-0.5;"5 Things You Might Not Know About Tennis Star Rafael Nadal
"
100;2022-06-01;14:38:13;119.449997;119.419998;-0.0;-0.0;"Check Out What Whales Are Doing With Nike
"
101;2022-05-25;12:14:23;107.029999;107.169998; 0.1; 0.1;"Stocks That Hit 52-Week Lows On Wednesday
"
102;2022-05-24;12:13:12;105.974998;107.099998; 1.1; 1.0;"Here's How Much $100 Invested In Nike 15 Years Ago Would Be Worth Today
"
103;2022-05-23;10:33:41;106.540001;107.360001; 0.8; 0.7;"Benzinga's Top Ratings Upgrades, Downgrades For May 23, 2022
"
104;2022-05-19;14:48:06;107.620003;107.150002;-0.4;-0.4;"10 Consumer Discretionary Stocks Whale Activity In Today's Session
"
105;2022-05-18;12:24:00;111.867897;110.705002;-1.1;-1.0;"5 Fun Facts You Might Not Know About NBA Star Steph Curry
"
106;2022-05-17;13:25:10;114.389999;114.900002; 0.5; 0.4;"Q1 13F Roundup: How Buffett, Einhorn, Ackman And Others Adjusted Their Portfolios
"
107;2022-05-17;12:31:17;114.389999;114.900002; 0.5; 0.4;"What Are Whales Doing With Nike
"
108;2022-05-13;15:26:00;111.580002;112.820000; 1.2; 1.1;"Nike Terminates Sponsorship Deal With Spartak Moscow: Reuters
"
109;2022-05-12;12:11:20;109.290001;108.089996;-1.2;-1.0;"Where Nike Stands With Analysts
"
110;2022-05-10;15:14:54;110.559998;109.800003;-0.7;-0.6;"Analyzing Nike's Short Interest
"
111;2022-05-06;13:37:21;115.589996;113.849998;-1.7;-1.5;"10 Consumer Discretionary Stocks Whale Activity In Today's Session
"
112;2022-05-06;13:03:51;114.919998;115.589996; 0.6; 0.5;"Nike Whale Trades For May 06
"
113;2022-05-04;11:12:11;121.599998;120.639999;-0.9;-0.7;"Which Publicly Listed Companies Are Dipping Their Toes In NFTs?
"
114;2022-04-29;14:12:30;126.349998;125.910004;-0.4;-0.3;"If You Invested $100 In Nike 20 Years Ago, Here's How Much You Would Have Today
"
115;2022-04-28;15:11:28;127.180000;127.660004; 0.4; 0.3;"This Is What Whales Are Betting On Nike
"
116;2022-04-28;13:41:36;126.860001;127.180000; 0.3; 0.2;"10 Consumer Discretionary Stocks Whale Activity In Today's Session
"
117;2022-04-26;12:51:22;123.279999;121.400002;-1.8;-1.5;"What's Going On With Nike Shares?
"
118;2022-04-20;14:44:03;136.134995;136.169998; 0.0; 0.0;"Amazon Teams Up With Ben Affleck And Matt Damon For Movie About A Historic Sports Endorsement Deal
"
119;2022-04-19;15:01:27;136.320007;137.264999; 0.9; 0.6;"What's Going On With Nike Shares?
"
120;2022-04-19;11:06:03;135.199997;136.279999; 1.0; 0.7;"Lululemon Signs First Golfer And You Won't Believe Who It Is
"
121;2022-04-18;13:49:29;131.759995;132.320007; 0.5; 0.4;"10 Consumer Discretionary Stocks With Whale Alerts In Today's Session
"
122;2022-04-14;13:38:34;133.449997;133.770004; 0.3; 0.2;"Investors Moved These 8 Stocks On Thursday's CNBC's 'Fast Money: Halftime Report'
"
123;2022-04-14;13:10:27;133.080002;133.449997; 0.3; 0.2;"Why Nike Is Off To The Races After Breaking Up From This Pattern And What To Watch For Next
"
124;2022-04-14;12:00:57;133.899994;133.080002;-0.8;-0.6;"Making The Metaverse вЂ” Will Decentralization Prevail
"
125;2022-04-12;14:22:59;126.480003;125.080002;-1.4;-1.1;"Balancing 4/20's Activism History With A Modern Sales Holiday
"
126;2022-04-05;11:13:07;133.830795;133.860001; 0.0; 0.0;"Analyzing Nike Inc's Short Interest
"
127;2022-04-04;11:21:51;134.380005;134.690002; 0.3; 0.2;"Hypebeast SPAC Deal: Inside The Company Tom Brady, Kevin Durant And Others Are Investing In
"
128;2022-04-01;12:00:06;134.770004;134.179993;-0.5;-0.4;"'Venmo Meets Robinhood': How Staax Will Let You Pay Your Friends In Stocks And More
"
129;2022-04-01;12:02:46;134.770004;134.179993;-0.5;-0.4;"What's Going On With Nike Shares?
"
130;2022-03-30;13:02:39;139.050003;139.449997; 0.3; 0.2;"What's Going On With Nike Shares?
"
131;2022-03-24;12:07:46;131.669998;131.720001; 0.0; 0.0;"10 Biggest Price Target Changes For Thursday
"
132;2022-03-24;11:38:01;131.669998;131.720001; 0.0; 0.0;"Here's How Many People Have Visited NIKELAND In Roblox
"
133;2022-03-22;12:01:08;135.619995;134.320007;-1.2;-0.9;"42 Stocks Moving In Tuesday's Mid-Day Session
"
134;2022-03-22;15:12:57;133.550003;133.869995; 0.3; 0.2;"PreMarket Prep Stock Of The Day: Nike
"
135;2022-03-22;14:15:48;134.259995;133.550003;-0.7;-0.5;"All The Stocks That Moved Tuesday From CNBC's 'Fast Money: Halftime Report'
"
136;2022-03-22;13:13:38;134.320007;134.259995;-0.0;-0.0;"5 Nike Analysts Praise Q3 Earnings Beat, Booming North American Sales Growth
"
137;2022-03-21;13:50:04;128.860001;130.248993; 1.3; 1.0;"All The Stocks That Moved From CNBC's 'Fast Money: Halftime Report' Monday
"
138;2022-03-18;12:02:59;129.770004;130.240005; 0.4; 0.3;"A Preview Of Nike's Earnings
"
139;2022-03-17;14:11:10;126.349998;126.379997; 0.0; 0.0;"Looking Into Nike Inc's Recent Short Interest
"
140;2022-03-15;13:38:53;118.400002;118.519997; 0.1; 0.1;"10 Consumer Discretionary Stocks Whale Activity In Today's Session
"
141;2022-03-14;12:11:53;119.879997;118.190002;-1.6;-1.4;"Stocks That Hit 52-Week Lows On Monday
"
142;2022-03-11;15:22:56;123.900002;122.870003;-1.0;-0.8;"Is LeBron James Heading To The Metaverse?
"
143;2022-03-08;15:05:31;122.120003;121.779999;-0.3;-0.2;"Where Nike Stands With Analysts
"
144;2022-03-08;14:27:30;123.330002;122.120003;-1.2;-0.9;"Lululemon Launches Footwear Collection: What Investors Should Know
"
145;2022-03-08;12:32:18;124.190002;123.330002;-0.8;-0.6;"Stocks That Hit 52-Week Lows On Tuesday
"
146;2022-03-08;11:04:38;121.595001;122.550003; 0.9; 0.7;"Here's How Much You Would Have Made Owning Nike Stock In The Last 20 Years
"
147;2022-02-08;11:11:20;142.690002;144.039993; 1.3; 0.9;"Pfizer And Harley Davidson Lead Out In Tuesday's Earnings With Different Results
"
148;2022-03-02;12:28:10;135.910004;135.419998;-0.4;-0.3;"This Is What Whales Are Betting On Nike
"
149;2022-02-28;14:50:33;135.320007;135.600006; 0.2; 0.2;"Why 2 Foot Locker Analysts Are Downgrading Stock After Q4 Earnings: 'We Were Not Expecting This'
"
150;2022-02-25;13:37:22;138.149994;138.580002; 0.4; 0.3;"10 Consumer Discretionary Stocks With Whale Alerts In Today's Session
"
151;2022-02-24;13:00:02;134.190002;134.339996; 0.1; 0.1;"EXCLUSIVE: Benzinga's 2022 NFT Investments Listmakers Made Significant Contributions To The NFT Space
"
152;2022-02-24;12:32:45;134.190002;134.339996; 0.1; 0.1;"This Is What Whales Are Betting On Nike
"
153;2022-02-23;13:36:34;138.160004;137.419998;-0.7;-0.5;"10 Consumer Discretionary Stocks Whale Activity In Today's Session
"
154;2022-02-22;13:40:59;137.130005;137.669998; 0.5; 0.3;"10 Consumer Discretionary Stocks Whale Activity In Today's Session
"
155;2022-02-15;14:02:35;145.610001;145.600006;-0.0;-0.0;"What Could A Salesforce NFT Cloud Mean?
"
156;2022-02-15;10:55:14;146.095001;145.589996;-0.5;-0.3;"This Foreboding Sign Looms Over Nike's Chart
"
157;2022-02-10;13:46:06;145.490005;145.440002;-0.0;-0.0;"10 Consumer Discretionary Stocks With Whale Alerts In Today's Session
"
158;2022-02-09;11:46:47;146.580002;146.630005; 0.0; 0.0;"Chart Wars: Between Lululemon And Nike, Which Stock Looks Set To Jump Higher, Faster?
"
159;2022-02-08;14:57:19;142.580002;143.154999; 0.5; 0.4;"Is The Peloton Surge A Short Squeeze? Josh Brown Thinks So
"
160;2022-02-08;13:40:16;143.169998;142.580002;-0.5;-0.4;"10 Consumer Discretionary Stocks With Whale Alerts In Today's Session
"
161;2022-02-08;10:43:55;142.690002;144.039993; 1.3; 0.9;"Peloton Q2 Earnings Highlights: Revenue Miss, CEO Transition, Restructuring Plan And More
"
162;2022-02-08;12:16:50;144.039993;144.059998; 0.0; 0.0;"Why This Peloton Analyst Thinks John Foley's Exit Increases The Possibility Of A Sale
"
163;2022-02-07;14:44:44;145.970001;145.580002;-0.3;-0.2;"Nike Whale Trades For February 07
"
164;2022-02-07;13:41:52;145.774994;145.970001; 0.1; 0.1;"10 Consumer Discretionary Stocks Whale Activity In Today's Session
"
165;2022-02-07;12:36:26;145.240005;145.774994; 0.5; 0.3;"Does A Potential Peloton Acquisition Make Strategic Sense For Apple?
"
166;2022-02-07;11:27:20;145.380005;144.850006;-0.5;-0.3;"Inflation: Energy and Materials Lead Earnings Growth Ahead Of Thursday's CPI Report
"
167;2022-02-04;13:05:10;144.419998;145.410004; 0.9; 0.6;"Kobe Bryant's Legacy Lives On With Metaverse Push, New Products
"
168;2022-02-03;11:02:22;147.970001;147.960007;-0.0;-0.0;"Love Hemp Group Shakes Up Management Team
"
169;2022-02-02;14:47:06;148.690002;148.710007; 0.0; 0.0;"Kevin O'Leary Expects A Narrative Shift From Meta: Why The 'Shark Tank' Investor Is Buying Stock Ahead Of Earnings
"
170;2022-01-31;13:03:13;146.649994;146.899994; 0.2; 0.1;"Nike Whale Trades Spotted
"
171;2022-01-28;13:40:57;143.839996;142.660004;-1.1;-0.8;"Nike Is Hiring A Metaverse Director
"
172;2022-01-27;14:01:21;143.720001;144.149994; 0.4; 0.2;"10 Consumer Discretionary Stocks With Whale Alerts In Today's Session
"
173;2022-01-26;11:55:11;147.279999;146.860001;-0.4;-0.2;"Should Apple, Nike Or Google Acquire Peloton In 2022?
"
174;2022-01-25;11:03:14;145.690002;145.600006;-0.0;-0.0;"Benzinga's Top Ratings Upgrades, Downgrades For January 25, 2022
"
175;2022-01-18;12:05:25;147.330002;147.804993; 0.4; 0.3;"What 9 Analyst Ratings Have To Say About Nike
"
176;2022-01-18;11:06:20;147.750000;147.330002;-0.4;-0.2;"Benzinga's Top Ratings Upgrades, Downgrades For January 18, 2022
"
177;2022-01-11;14:46:14;148.970001;150.050003; 1.0; 0.7;"Roblox Follows Its Technicals Soaring Higher As The Stock Advances Into The Metaverse
"
178;2022-01-10;15:02:46;149.919998;149.559799;-0.3;-0.2;"This Is What Whales Are Betting On Nike
"
179;2022-01-10;13:04:23;149.335007;149.160004;-0.1;-0.1;"Peering Into Nike Inc's Recent Short Interest
"
180;2022-01-10;11:07:56;150.399994;151.070007; 0.6; 0.4;"Why Nike Shares Are Trading Lower Today
"
181;2022-01-10;11:05:39;150.399994;151.070007; 0.6; 0.4;"Benzinga's Top Ratings Upgrades, Downgrades For January 10, 2022
"
182;2022-01-07;14:30:11;157.429993;157.410004;-0.0;-0.0;"Amazon, Moderna, Nike Stocks May Be Finding A Bottom Within This Key Pattern: How To Trade It
"
183;2022-01-07;12:11:08;158.960007;158.199997;-0.7;-0.4;"After Huge Sell-Offs, Have Robinhood And Peloton Become Buyout Targets?
"
184;2021-12-21;11:06:07;164.929993;166.335007; 1.4; 0.8;"Investors Shunning Bonds Despite 3-day Losing Streak Suggests
"
185;2021-12-20;10:37:28;156.389999;156.619995; 0.2; 0.1;"First the Fed and Now Congress: Economic Stimulus is Drying Up and Some Investors Appear Concerned
"
186;2021-12-23;10:45:16;166.429993;166.429993; 0.0; 0.0;"Nike Just Did It Despite Supply Chain Constraints
"
187;2021-12-20;15:01:55;156.490005;156.820007; 0.3; 0.2;"Christmas Week's Earnings Repertoire
"
188;2021-12-17;11:39:50;162.539993;161.889999;-0.6;-0.3;"Lululemon Does Not Need to Chase Growth
"
189;2021-12-22;12:11:58;165.259995;165.059998;-0.1;-0.1;"If You Invested $1,000 In The Sandbox And Decentraland Coins On Jan. 1, 2021, Here's How Much You'd Have Now
"
190;2021-12-22;11:28:06;166.839996;165.259995;-1.5;-0.9;"What 14 Analyst Ratings Have To Say About Nike
"
191;2021-12-22;10:35:36;166.839996;165.259995;-1.5;-0.9;"The NFT Flippening: US Google Searches For 'NFT' Overtake Searches For 'Crypto' and 'Bitcoin'
"
192;2021-12-21;13:26:50;168.425003;166.919998;-1.5;-0.8;"38 Stocks Moving In Tuesday's Mid-Day Session
"
193;2021-12-21;13:07:03;168.425003;166.919998;-1.5;-0.8;"Under Armour Launching First NFTs To Celebrate Steph Curry's NBA Record: Here Are The Details On How To Get One
"
194;2021-12-21;11:19:33;164.929993;166.335007; 1.4; 0.8;"$1000 Invested In Nike 5 Years Ago, Would Be Worth This Much
"
195;2021-12-21;11:24:24;164.929993;166.335007; 1.4; 0.8;"Where Nike Stands With Analysts
"
196;2021-12-20;14:02:57;155.800003;156.490005; 0.6; 0.4;"Tom Brady Launches Brady Brand: Can It Compete With Nike And Under Armour?
"
197;2021-12-20;13:07:54;156.119995;155.800003;-0.3;-0.2;"Why Nike Shares Are Trading Lower Today
"
198;2021-12-20;12:58:29;156.119995;155.800003;-0.3;-0.2;"Top 10 NFTs By Weekly Sales Volume: CloneX Knocks Axie Infinity From Top Spot, Adidas Originals Joins The List
"
199;2021-12-20;12:54:35;156.119995;155.800003;-0.3;-0.2;"Check Out What Whales Are Doing With NKE
"
200;2021-12-17;11:19:11;161.440002;162.539993; 1.0; 0.6;"A Preview Of Nike's Earnings
"
201;2021-12-16;14:16:05;164.934998;164.634995;-0.3;-0.1;"10 Consumer Discretionary Stocks Whale Activity In Today's Session
"
202;2021-12-16;11:13:39;165.544205;165.009995;-0.5;-0.3;"Benzinga's Top Ratings Upgrades, Downgrades For December 16, 2021
"
203;2021-12-14;12:34:32;164.770004;165.110001; 0.3; 0.2;"Goldman Sachs Turns Bullish On This Sporting Goods Store Chain, Thanks To Nike
"
204;2021-07-21;10:34:46;161.029999;160.630005;-0.3;-0.2;"The Dow Jones Industrial Average Turns 125
"
205;2021-12-10;14:38:18;169.149994;168.740005;-0.4;-0.2;"White Castle Jumps On The Crypto Bandwagon
"
206;2021-12-09;11:56:13;170.203995;169.589996;-0.6;-0.3;"What Cities And Countries Are Betting On The Metaverse?
"
207;2021-12-08;14:32:23;170.100006;170.639999; 0.5; 0.3;"Check Out What Whales Are Doing With NKE
"
208;2021-12-02;13:23:52;169.755005;169.240005;-0.5;-0.3;"Looking At Nike's Recent Whale Trades
"
209;2021-12-02;12:45:24;169.755005;169.240005;-0.5;-0.3;"BofA Downgrades Hibbett On Lower Stimulus, Inventory Challenges
"
210;2021-12-01;14:11:40;170.434998;170.089996;-0.3;-0.2;"'Wednesday's With Wedbush' On PreMarket Prep Plus: How Is The Retail Sector Looking?
"
211;2021-12-01;12:10:27;170.669998;170.315002;-0.3;-0.2;"Where Nike Stands With Analysts
"
212;2021-11-29;13:11:32;170.520004;170.830002; 0.3; 0.1;"Here's How Much $100 Invested In Nike 15 Years Ago Would Be Worth Today
"
213;2021-11-24;13:49:25;172.309998;171.860001;-0.4;-0.2;"Looking At Nike's Recent Whale Trades
"
214;2021-11-23;13:12:37;171.429993;171.039993;-0.3;-0.2;"This Is What Whales Are Betting On Nike
"
215;2021-11-22;13:36:59;176.264999;176.149994;-0.1;-0.0;"10 Consumer Discretionary Stocks With Whale Alerts In Today's Session
"
216;2021-11-16;11:40:44;173.639999;172.940002;-0.6;-0.4;"Low Labor Participation Rates are Prompting Creativity from Hirers
"
217;2021-11-04;13:26:50;174.460007;174.460999; 0.0; 0.0;"This Are The 5 Largest European Stocks
"
218;2021-11-04;13:19:24;174.460007;174.460999; 0.0; 0.0;"Watch for Continued Gains in Shares of Nike Inc.
"
219;2021-11-03;12:28:02;171.369995;170.690002;-0.6;-0.3;"This Is What Whales Are Betting On Nike
"
220;2021-11-03;12:05:28;171.369995;170.690002;-0.6;-0.3;"Why Dick's Sporting Goods Shares Are Rising Today
"
221;2021-11-03;11:35:10;171.369995;170.690002;-0.6;-0.3;"Nike Joins Facebook And Microsoft In Entering The Metaverse
"
222;2021-11-02;13:46:03;167.962402;167.539993;-0.4;-0.2;"Is Nike's Stock Ready To Reach All-Time Highs?
"
223;2021-10-26;12:39:41;163.330002;163.485001; 0.1; 0.0;"Nike Whale Trades For October 26
"
224;2021-06-24;14:21:01;133.546204;133.470001;-0.0;-0.0;"Nike Earnings And A Credit Spreads Primer
"
225;2021-10-22;12:32:09;163.669998;164.199997; 0.5; 0.3;"Looking At Nike's Recent Whale Trades
"
226;2021-10-20;13:27:55;158.621201;158.160004;-0.4;-0.2;"FuelCell, Nike, SoFi Stocks Prepare For Breakouts In This Bullish Pattern
"
227;2021-10-18;12:40:36;158.229996;158.710007; 0.4; 0.3;"9 Consumer Discretionary Stocks With Whale Alerts In Today's Session
"
228;2021-10-14;12:43:50;157.639999;157.029999;-0.6;-0.3;"10 Consumer Discretionary Stocks With Whale Alerts In Today's Session
"
229;2021-10-13;12:00:45;153.839996;154.785004; 0.9; 0.6;"Check Out What Whales Are Doing With Nike
"
230;2021-10-13;14:21:59;155.869995;156.440002; 0.5; 0.3;"Why This Stock That's Up 110% YTD Is Cheaper Now Than It Was To Start The Year
"
231;2021-10-13;12:37:43;154.785004;155.869995; 1.0; 0.7;"10 Consumer Discretionary Stocks Whale Activity In Today's Session
"
232;2021-10-12;13:45:59;151.869995;152.949997; 1.0; 0.7;"Nike's Brand Legacy Continues To Outweigh China Headwinds, Goldman Sachs Says
"
233;2021-10-12;12:24:30;151.410004;151.729996; 0.3; 0.2;"What 9 Analyst Ratings Have To Say About Nike
"
234;2021-10-12;10:48:07;152.324997;151.410004;-0.9;-0.6;"Benzinga's Top Ratings Upgrades, Downgrades For October 12, 2021
"
235;2021-10-06;13:53:06;148.119995;148.940002; 0.8; 0.5;"10 Consumer Discretionary Stocks Showing Unusual Options Activity In Today's Session
"
236;2021-10-05;12:25:38;150.490005;150.369995;-0.1;-0.0;"What 9 Analyst Ratings Have To Say About Nike
"
237;2021-10-05;11:20:03;149.940002;150.490005; 0.5; 0.3;"Columbia Sportswear Analyst Downgrades Retailer On Supply Chain Woes
"
238;2021-09-30;11:47:28;146.020004;144.839996;-1.1;-0.8;"Peloton Pedals to Growth Outside Homes
"
239;2021-09-29;11:48:31;147.477203;146.779999;-0.6;-0.4;"Why Nike's Stock Looks Ready For A Jog Higher
"
240;2021-09-28;14:51:16;145.529999;145.770004; 0.2; 0.1;"Why This Investor Is Buying More Nike, Stitch Fix And Verizon Stock
"
241;2021-09-27;13:01:23;147.440002;148.350006; 0.9; 0.6;"10 Consumer Discretionary Stocks With Unusual Options Alerts In Today's Session
"
242;2021-09-27;13:00:25;147.440002;148.350006; 0.9; 0.6;"Where Nike Stands With Analysts
"
243;2021-09-27;11:51:58;147.660004;147.440002;-0.2;-0.1;"Thinking About Buying Stock Or Options In Airbnb, GM, Bed Bath & Beyond Or Nike?
"
244;2021-09-27;11:44:56;147.660004;147.440002;-0.2;-0.1;"This Week's Earnings Repertoire
"
245;2021-09-27;10:35:52;149.000000;147.660004;-1.3;-0.8;"Oil Trading Higher On Hurricane Supply Woes, Stronger Demand
"
246;2021-09-24;12:13:26;148.304001;149.699997; 1.3; 0.9;"Mid-Day Market Update: Aehr Test Systems Surges Following Q1 Results; Onconova Therapeutics Shares Slide
"
247;2021-09-24;15:06:30;149.823898;149.910004; 0.0; 0.0;"Mid-Afternoon Market Update: Dow Rises 40 Points; Meredith Shares Spike Higher
"
248;2021-09-24;15:00:53;149.823898;149.910004; 0.0; 0.0;"Trade Options Like A Pro вЂ” Check Nike's Big Money Trade
"
249;2021-09-24;13:54:02;149.410004;149.823898; 0.4; 0.2;"Where Nike Stands With Analysts
"
250;2021-09-24;13:50:13;149.410004;149.823898; 0.4; 0.2;"Why Skechers Stock Is Falling Today
"
251;2021-09-24;12:52:36;149.699997;149.410004;-0.2;-0.1;"Why Foot Locker Shares Are Trading Lower Today
"
252;2021-09-24;12:32:18;149.699997;149.410004;-0.2;-0.1;"Nike Sees Strong Demand, But Supply Hurdles Hurt Guidance: Analyst
"
253;2021-09-24;12:06:25;148.304001;149.699997; 1.3; 0.9;"34 Stocks Moving In Friday's Mid-Day Session
"
254;2021-09-24;11:05:22;148.850006;148.304001;-0.5;-0.3;"Nike Shares Fall After Company Misses Q1 Revenue, Slashes FY22 Outlook
"
255;2021-09-24;10:31:48;148.850006;148.304001;-0.5;-0.3;"Inflation Appears To Be Setting The Tone For Stocks Going Forward
"
256;2021-09-23;11:33:24;158.500000;158.929993; 0.4; 0.2;"Vietnam Supply Chain Disruption Puts Nike Earnings 'At Risk': BofA Analyst
"
257;2021-09-20;12:15:33;155.179993;154.005005;-1.1;-0.7;"What 16 Analyst Ratings Have To Say About Nike
"
258;2021-08-27;13:31:39;167.440002;167.553894; 0.1; 0.0;"Welcome Home: Manchester United Stock Spikes After Signing Superstar Cristiano Ronaldo
"
259;2021-08-18;10:36:35;170.940002;170.830002;-0.1;-0.0;"Could Warehouse Automation Increase Truck Capacity By 30%?
"
260;2021-08-17;12:50:26;170.639999;170.229996;-0.4;-0.2;"Q2 13F Roundup: How Buffett, Einhorn, Ackman And Others Adjusted Their Portfolios
"
261;2021-08-12;12:54:47;170.399994;170.225006;-0.1;-0.1;"Why Nike's Stock Looks Ready For A Blue Sky Run
"
262;2021-08-12;12:35:48;170.399994;170.225006;-0.1;-0.1;"10 Consumer Discretionary Stocks With Unusual Options Alerts In Today's Session
"
263;2021-08-12;12:13:41;170.380005;170.399994; 0.0; 0.0;"Unusual Options Activity Insight: Nike
"
264;2021-08-06;12:17:54;172.949997;173.229996; 0.2; 0.1;"Analyzing Nike's Unusual Options Activity
"
265;2021-08-02;14:52:45;168.940002;168.550003;-0.3;-0.2;"Analyzing Nike's Unusual Options Activity
"
266;2021-08-02;12:12:44;168.554993;168.645004; 0.0; 0.0;"Could Under Armour's Stock Be Positioned For Significant Upside Ahead Of Earnings?
"
267;2021-07-30;11:36:42;166.899994;166.750000;-0.1;-0.0;"Understanding Nike's Unusual Options Activity
"
268;2021-07-29;14:22:18;166.651199;166.850006; 0.1; 0.1;"Understanding Nike's Unusual Options Activity
"
269;2021-07-28;12:41:32;165.399994;165.199997;-0.1;-0.1;"Understanding Nike's Unusual Options Activity
"
270;2021-07-27;13:39:22;163.619995;164.250000; 0.6; 0.3;"5 Things You Might Not Know About US Gymnast Simone Biles
"
271;2021-07-27;13:19:01;164.035004;163.619995;-0.4;-0.2;"Analyzing Nike's Unusual Options Activity
"
272;2021-07-23;13:22:50;166.119995;166.339005; 0.2; 0.1;"Unusual Options Activity Insight: Nike
"
273;2021-07-23;11:00:13;164.899994;165.751999; 0.8; 0.5;"Stocks That Hit 52-Week Highs On Friday
"
274;2021-07-23;10:44:31;164.899994;165.751999; 0.8; 0.5;"COVID-19 Measures In Vietnam Pummel An Already Bruised Supply Chain
"
275;2021-07-22;12:44:31;163.020004;163.330002; 0.3; 0.1;"10 Consumer Discretionary Stocks Showing Unusual Options Activity In Today's Session
"
276;2021-07-22;11:40:43;162.770004;163.020004; 0.2; 0.1;"Stocks That Hit 52-Week Highs On Thursday
"
277;2021-07-22;11:35:23;162.770004;163.020004; 0.2; 0.1;"Analyzing Nike's Unusual Options Activity
"
278;2021-07-21;12:47:50;160.179993;160.410004; 0.2; 0.1;"Analyzing Nike's Unusual Options Activity
"
279;2021-07-20;14:06:58;159.779999;160.130005; 0.3; 0.2;"Unusual Options Activity Insight: Nike
"
280;2021-07-19;14:41:43;157.154999;156.985001;-0.1;-0.1;"Analyzing Nike's Unusual Options Activity
"
281;2021-07-16;15:15:07;159.979996;159.910004;-0.0;-0.0;"5 Best LeBron James Acting Roles Before 'Space Jam: A New Legacy'
"
282;2021-07-16;12:53:15;160.717804;160.639999;-0.0;-0.0;"Analyzing Nike's Unusual Options Activity
"
283;2021-07-15;12:36:59;161.669998;161.380005;-0.2;-0.1;"Understanding Nike's Unusual Options Activity
"
284;2021-07-14;14:41:45;161.960007;161.880005;-0.0;-0.0;"NFL's Saquon Barkley To Take 100% Of Endorsement Money In Bitcoin
"
285;2021-07-14;13:42:46;161.970001;161.960007;-0.0;-0.0;"Understanding Nike's Unusual Options Activity
"
286;2021-07-13;12:37:50;161.330002;161.259995;-0.0;-0.0;"Analyzing Nike's Unusual Options Activity
"
287;2021-07-12;13:06:47;162.160004;162.270004; 0.1; 0.0;"Understanding Nike's Unusual Options Activity
"
288;2021-07-09;15:01:01;161.199997;160.979996;-0.2;-0.1;"Nike Deserves A Curtain Call And It's Just Getting Started
"
289;2021-07-09;13:15:37;160.634995;160.869995; 0.2; 0.1;"Understanding Nike's Unusual Options Activity
"
290;2021-07-09;12:36:40;160.634995;160.869995; 0.2; 0.1;"Stocks That Hit 52-Week Highs On Friday
"
291;2021-07-08;14:22:45;160.199997;160.160004;-0.0;-0.0;"Analyzing Nike's Unusual Options Activity
"
292;2021-07-07;13:05:38;159.369995;159.791702; 0.4; 0.2;"Understanding Nike's Unusual Options Activity
"
293;2021-07-02;12:36:20;159.509995;159.360001;-0.1;-0.0;"10 Consumer Discretionary Stocks Showing Unusual Options Activity In Today's Session
"
294;2021-07-02;12:23:22;158.970001;159.509995; 0.5; 0.3;"Unusual Options Activity Insight: Nike
"
295;2021-07-02;11:57:17;158.970001;159.509995; 0.5; 0.3;"11 Athletes That Would Have Made Bank On New NCAA NIL Ruling: Reggie Bush, 'Fab 5' And More
"
296;2021-07-02;11:12:15;159.410004;158.970001;-0.4;-0.2;"Stocks That Hit 52-Week Highs On Friday
"
297;2021-07-01;10:42:01;157.210007;157.479996; 0.2; 0.1;"Stocks That Hit 52-Week Highs On Thursday
"
298;2021-06-30;11:47:28;154.089996;153.839996;-0.2;-0.1;"Understanding Nike's Unusual Options Activity
"
299;2021-06-29;12:35:42;155.639999;155.116501;-0.5;-0.3;"10 Consumer Discretionary Stocks Showing Unusual Options Activity In Today's Session
"
300;2021-06-29;11:32:57;156.218399;155.639999;-0.5;-0.3;"Unusual Options Activity Insight: Nike
"
301;2021-06-28;10:31:07;152.033997;152.089996; 0.0; 0.0;"Last Week's Earnings Recap
"
302;2021-06-25;12:32:12;152.970001;152.669998;-0.3;-0.1;"11 Consumer Discretionary Stocks Moving In Friday's Intraday Session
"
303;2021-06-25;12:14:39;152.360001;152.970001; 0.6; 0.4;"Why Athletic Apparel And Footwear Companies Are Trading Higher Today
"
304;2021-06-25;12:04:00;152.360001;152.970001; 0.6; 0.4;"33 Stocks Moving In Friday's Mid-Day Session
"
305;2021-06-22;12:40:29;132.270004;131.934998;-0.3;-0.2;"10 Consumer Discretionary Stocks Showing Unusual Options Activity In Today's Session
"
306;2021-06-21;13:09:40;130.210007;130.270004; 0.0; 0.0;"This Week Will Be About More Than Amazon's Prime Day Sales
"
307;2021-06-16;12:36:13;130.753601;130.720001;-0.0;-0.0;"10 Consumer Discretionary Stocks Showing Unusual Options Activity In Today's Session
"
308;2021-06-16;12:03:15;130.539993;130.753601; 0.2; 0.1;"Expert Ratings for Nike
"
309;2021-06-15;12:05:09;130.070007;130.085007; 0.0; 0.0;"Unusual Options Activity Insight: Nike
"
310;2021-06-14;13:29:10;130.350006;130.410004; 0.0; 0.0;"10 Consumer Discretionary Stocks Showing Unusual Options Activity In Today's Session
"
311;2021-06-10;14:24:50;130.990005;130.830002;-0.1;-0.1;"10 Consumer Discretionary Stocks Showing Unusual Options Activity In Today's Session
"
312;2021-06-08;14:45:04;133.490005;133.380005;-0.1;-0.0;"Floyd Mayweather Could Make More in Logan Paul Fight Than Michael Jordan's Career NBA Salary
"
313;2021-06-08;13:05:53;132.960007;133.100006; 0.1; 0.1;"Options Article for NKE 0.7070065167502078
"
314;2021-06-01;10:56:28;135.460007;135.399994;-0.0;-0.0;"Corporate Sponsors Back Naomi Osaka On Her French Open Withdrawal
"
315;2021-05-18;12:35:31;136.820007;136.929993; 0.1; 0.0;"Q1 13F Roundup: How Buffett, Einhorn, Ackman And Others Adjusted Their Portfolios
"
316;2021-05-11;14:10:07;136.803497;136.809998; 0.0; 0.0;"Nike Stock Technical Levels To Watch After Analyst Upgrade
"
317;2021-05-11;10:51:54;135.520004;136.570007; 1.0; 0.7;"What's Happening With Nike Stock Today?
"
318;2021-05-07;12:04:42;138.375000;137.679993;-0.6;-0.5;"Why Shares Of NIKE And Lululemon Are Trading Higher Today
"
319;2021-04-28;14:23:39;130.714996;130.800003; 0.0; 0.0;"Time100 Most Influential Companies: What 61 Publicly Traded Companies Are On The Inaugural List?
"
320;2021-04-23;12:36:27;129.649994;130.110001; 0.4; 0.3;"10 Consumer Discretionary Stocks With Unusual Options Alerts In Today's Session
"
321;2021-04-22;14:23:51;129.440002;129.050003;-0.3;-0.3;"10 Consumer Discretionary Stocks With Unusual Options Alerts In Today's Session
"
322;2021-04-20;12:50:17;127.029999;126.139999;-0.8;-0.7;"What's Going On With NKE Stock And JNJ Stock Today?
"
323;2021-04-14;13:59:05;132.727997;132.375000;-0.3;-0.2;"Bored Of NFTs? How About Buying Kanye West's Sneakers For $1M?
"
324;2021-04-13;10:33:51;135.000000;134.350006;-0.6;-0.4;"Analyzing Nike's Unusual Options Activity
"
325;2021-04-08;10:40:05;135.240005;135.081406;-0.1;-0.1;"Exclusive: Roundhill MVP First Pure-Play Sports ETF Offers Growth, SPACs, Exposure To NFTs
"
326;2021-03-29;13:23:41;132.774994;132.910004; 0.1; 0.1;"Easter Week's Earnings Preview
"
327;2021-03-25;14:17:55;128.199997;127.389999;-0.8;-0.6;"Why NFT Sneakers Could Be Coming Soon From Nike
"
328;2021-03-24;14:45:18;134.059998;134.190002; 0.1; 0.0;"ByteDance Ropes In Former Xiaomi Head As Finance Chief: Report
"
329;2021-03-19;13:25:07;137.730804;137.750000; 0.0; 0.0;"PreMarket Prep Stock Of The Day: Nike
"
330;2021-03-19;13:00:37;137.730804;137.750000; 0.0; 0.0;"10 Consumer Discretionary Stocks Showing Unusual Options Activity In Today's Session
"
331;2021-03-19;12:16:51;136.630005;137.730804; 1.1; 0.8;"30 Stocks Moving In Friday's Mid-Day Session
"
332;2021-03-18;12:53:00;144.850006;144.240005;-0.6;-0.4;"Jon Najarian Sees Unusual Option Activity In TLT ETF, PagSeguro And Nike
"
333;2021-03-17;10:46:15;145.770004;145.339996;-0.4;-0.2;"Preview: Nike's Earnings
"
334;2021-03-16;15:20:49;144.770004;145.029999; 0.2; 0.1;"Dick's Sporting Goods Launches VRST Men's Atheleisure Brand
"
335;2021-03-15;11:14:30;143.619995;143.270004;-0.3;-0.2;"This Week's Earnings Repertoire
"
336;2021-03-12;11:44:08;139.119995;139.440002; 0.3; 0.2;"Tech, Growth Stocks Under Pressure As Treasury Yields Rise
"
337;2021-03-10;14:32:48;137.580002;137.699997; 0.1; 0.0;"10 Consumer Discretionary Stocks Showing Unusual Options Activity In Today's Session
"
338;2021-03-09;14:05:43;136.100006;135.883698;-0.2;-0.1;"10 Consumer Discretionary Stocks With Unusual Options Alerts In Today's Session
"
339;2021-03-02;11:42:25;135.940002;136.440002; 0.5; 0.3;"ROCE Insights For Nike
"
340;2021-02-25;11:03:18;138.119995;136.949997;-1.1;-0.8;"Benzinga's Top Ratings Upgrades, Downgrades For February 25, 2021
"
341;2021-02-24;13:40:59;134.509995;135.029999; 0.5; 0.3;"10 Consumer Discretionary Stocks Showing Unusual Options Activity In Today's Session
"
342;2021-02-19;14:02:45;141.949997;141.755005;-0.1;-0.1;"10 Consumer Discretionary Stocks Showing Unusual Options Activity In Today's Session
"
343;2021-02-10;12:35:16;141.139999;141.657104; 0.5; 0.3;"Colin Kaepernick Launches $250M ESG SPAC
"
344;2021-02-08;11:36:54;144.009995;144.104996; 0.0; 0.0;"Looking Into Nike's Return On Capital Employed
"
345;2021-02-05;13:39:37;144.460007;145.365005; 0.9; 0.6;"10 Consumer Discretionary Stocks Showing Unusual Options Activity In Today's Session
"
346;2021-02-05;11:22:00;143.070007;143.490005; 0.4; 0.2;"Unusual Options Activity Insight: Nike
"
347;2021-01-25;13:36:47;136.753998;136.820007; 0.0; 0.0;"10 Consumer Discretionary Stocks With Unusual Options Alerts In Today's Session
"
348;2021-01-19;12:02:06;138.921997;138.720001;-0.2;-0.1;"ROCE Insights For Nike
"
349;2021-01-07;12:46:46;145.000000;144.830002;-0.1;-0.1;"The 3 E-Commerce Stocks That Are Often Overlooked
"
350;2021-01-06;13:59:51;142.990005;142.071701;-0.9;-0.6;"Jon Najarian Sees Unusual Options Activity In Nike And Murphy Oil
"
351;2020-12-21;13:40:17;144.445007;144.000000;-0.4;-0.3;"10 Consumer Discretionary Stocks Showing Unusual Options Activity In Today's Session
"
352;2020-12-21;11:28:21;144.039993;144.035004;-0.0;-0.0;"After Beating Expectations, Nike Shares Offer Counterpoint To Virus-Related Stock Selling
"
353;2020-12-21;11:25:23;144.039993;144.035004;-0.0;-0.0;"Is Nike's Stock Still A Buy At All-Time Highs? The Street Debates
"
354;2020-12-21;11:21:21;144.039993;144.035004;-0.0;-0.0;"Stocks That Hit 52-Week Highs On Monday
"
355;2020-12-21;11:09:23;144.039993;144.035004;-0.0;-0.0;"Analyzing Nike's Unusual Options Activity
"
356;2020-12-21;11:02:07;144.039993;144.035004;-0.0;-0.0;"Thinking About Buying Stock In Tesla, Zoom, Nike, Bank Of America Or Airbnb?
"
357;2020-12-18;14:00:12;138.160004;138.371796; 0.2; 0.1;"Pete Najarian Sees Unusual Options Activity In Nike And Vale
"
358;2020-12-18;10:58:05;138.699905;138.000000;-0.6;-0.5;"Nike Earnings Expected After The Close, And Focus Could Be On Digital Sales, Guidance
"
359;2020-12-17;11:13:43;139.864502;139.949997; 0.0; 0.0;"How Likely Is a Dividend Cut From Nike?
"
360;2020-12-17;11:08:31;139.864502;139.949997; 0.0; 0.0;"Moderna Vaccine Goes Into FDA Panel Hearing Today, Raising Hope Of Another Tool Vs. Virus
"
361;2020-12-17;11:05:05;139.864502;139.949997; 0.0; 0.0;"Nike Earnings Preview
"
362;2020-12-16;10:59:48;138.410004;137.589996;-0.8;-0.5;"ROCE Insights For Nike
"
363;2020-12-15;12:17:10;138.759995;138.869995; 0.1; 0.0;"A Preview Of The Biggest Earnings Reports This Week
"
364;2020-12-15;12:06:38;138.759995;138.869995; 0.1; 0.0;"What's In Store For Nike's Friday Report?
"
365;2020-12-15;11:09:20;138.009995;138.759995; 0.7; 0.5;"Production Ramp Up: Apple Plans To Roll Out More iPhones According To Supplier Report
"
366;2020-12-14;13:37:24;137.289993;136.759995;-0.5;-0.3;"How The Younger Generation Reshaped The E-Commerce Rulebook
"
367;2020-12-11;13:54:37;136.990005;136.979996;-0.0;-0.0;"10 Consumer Discretionary Stocks Showing Unusual Options Activity In Today's Session
"
368;2020-12-11;11:52:01;136.710007;136.699997;-0.0;-0.0;"KeyBanc Bullish On Nike's E-Commerce Opportunity
"
369;2020-12-11;11:24:59;137.190002;136.710007;-0.4;-0.3;"Benzinga's Top Upgrades, Downgrades For December 11, 2020
"
370;2020-12-10;13:12:13;137.809998;138.009995; 0.1; 0.1;"Goldman On Hardline Retail: Top Ideas, New Ideas, Out Of Consensus Ideas, And More
"
371;2020-12-09;11:10:24;139.360001;139.880005; 0.5; 0.3;"Stocks That Hit 52-Week Highs On Wednesday
"
372;2020-12-08;11:11:13;139.050003;139.880005; 0.8; 0.5;"Stocks That Hit 52-Week Highs On Tuesday
"
373;2020-12-07;11:34:26;138.179993;138.000000;-0.1;-0.1;"Stocks That Hit 52-Week Highs On Monday
"
374;2020-12-03;12:53:29;137.490005;137.600006; 0.1; 0.0;"Stocks That Hit 52-Week Highs On Thursday
"
375;2020-12-03;12:15:18;137.279999;137.490005; 0.2; 0.1;"Gap, Macy's, Nike And More Face UPS Delivery Delays Due To Soaring Cyber Monday Demand
"
376;2020-12-01;12:36:45;134.925003;135.110001; 0.1; 0.1;"Stocks That Hit 52-Week Highs On Tuesday
"
377;2020-12-01;12:25:59;135.139999;134.925003;-0.2;-0.1;"The Next Jordan Brand? Under Armour Doubles Down On Steph Curry
"
378;2020-11-23;13:51:45;134.070007;134.190002; 0.1; 0.0;"'Halftime Report' Traders Talk Retail After The Pandemic
"
379;2020-11-19;15:03:11;131.059998;131.789993; 0.7; 0.5;"10 Consumer Discretionary Stocks With Unusual Options Alerts In Today's Session
"
380;2020-11-18;14:00:43;132.330002;132.000000;-0.3;-0.2;"Jim Cramer Likes Nike More Than Under Armour
"
381;2020-11-17;11:38:32;130.972107;131.035004; 0.0; 0.0;"Looking Into Nike's Return On Capital Employed
"
382;2020-11-12;11:30:08;126.760002;126.519997;-0.2;-0.1;"Why RBC Is Bullish On Nike, Cautious On Under Armour
"
383;2020-11-12;11:00:31;127.220001;126.760002;-0.4;-0.3;"These 3 Companies Did Well On Singles Day, Cramer Says
"
384;2020-11-12;10:52:55;127.220001;126.760002;-0.4;-0.3;"Benzinga's Top Upgrades, Downgrades For November 12, 2020
"
385;2020-11-09;13:24:29;132.619995;132.800003; 0.1; 0.1;"Stocks That Hit 52-Week Highs On Monday
"
386;2020-10-30;11:11:42;120.330002;119.360001;-0.9;-0.8;"Under Armour Posts Q3 Beat, Sells MyFitnessPal: What Investors Need To Know
"
387;;;;;;;
388;;;;;;;
389;;;;;;;
390;;;;;;;
391;;;;;;;
392;;;;;;;
393;;;;;;;
394;;;;;;;
395;;;;;;;
396;;;;;;;
397;;;;;;;
398;;;;;;;
399;;;;;;;
400;;;;;;;
401;;;;;;;
402;;;;;;;
403;;;;;;;
404;;;;;;;
405;;;;;;;
406;;;;;;;
407;;;;;;;
408;;;;;;;
409;;;;;;;
410;;;;;;;
411;;;;;;;
412;;;;;;;
413;;;;;;;
414;;;;;;;
415;;;;;;;
416;;;;;;;
417;;;;;;;
418;;;;;;;
419;;;;;;;
420;;;;;;;
421;;;;;;;
422;;;;;;;
423;;;;;;;
424;;;;;;;
425;;;;;;;
426;;;;;;;
427;;;;;;;
428;;;;;;;
429;;;;;;;
430;;;;;;;
431;;;;;;;
432;;;;;;;
433;;;;;;;
434;;;;;;;
435;;;;;;;
436;;;;;;;
437;;;;;;;
438;;;;;;;
439;;;;;;;
440;;;;;;;
441;;;;;;;
442;;;;;;;
443;;;;;;;
444;;;;;;;
445;;;;;;;
446;;;;;;;
447;;;;;;;
448;;;;;;;
449;;;;;;;
450;;;;;;;
451;;;;;;;
452;;;;;;;
453;;;;;;;
454;;;;;;;
455;;;;;;;
456;;;;;;;
457;;;;;;;
458;;;;;;;
459;;;;;;;
460;;;;;;;
461;;;;;;;
462;;;;;;;
463;;;;;;;
464;;;;;;;
465;;;;;;;
466;;;;;;;
467;;;;;;;
468;;;;;;;
469;;;;;;;
470;;;;;;;
471;;;;;;;
472;;;;;;;
473;;;;;;;
474;;;;;;;
475;;;;;;;
476;;;;;;;
477;;;;;;;
478;;;;;;;
479;;;;;;;
480;;;;;;;
481;;;;;;;
482;;;;;;;
483;;;;;;;
484;;;;;;;
485;;;;;;;
486;;;;;;;
487;;;;;;;
488;;;;;;;
489;;;;;;;
490;;;;;;;
491;;;;;;;
492;;;;;;;
493;;;;;;;
494;;;;;;;
495;;;;;;;
496;;;;;;;
497;;;;;;;
498;;;;;;;
499;;;;;;;
500;;;;;;;
501;;;;;;;
502;;;;;;;
503;;;;;;;
504;;;;;;;
505;;;;;;;
506;;;;;;;
507;;;;;;;
508;;;;;;;
509;;;;;;;
510;;;;;;;
511;;;;;;;
512;;;;;;;
513;;;;;;;
514;;;;;;;
515;;;;;;;
516;;;;;;;
517;;;;;;;
518;;;;;;;
519;;;;;;;
520;;;;;;;
521;;;;;;;
522;;;;;;;
523;;;;;;;
524;;;;;;;
525;;;;;;;
526;;;;;;;
527;;;;;;;
528;;;;;;;
529;;;;;;;
530;;;;;;;
531;;;;;;;
532;;;;;;;
533;;;;;;;
534;;;;;;;
535;;;;;;;
536;;;;;;;
537;;;;;;;
538;;;;;;;
539;;;;;;;
540;;;;;;;
541;;;;;;;
542;;;;;;;
543;;;;;;;
544;;;;;;;
545;;;;;;;
546;;;;;;;
547;;;;;;;
548;;;;;;;
549;;;;;;;
550;;;;;;;
551;;;;;;;
552;;;;;;;
553;;;;;;;
554;;;;;;;
555;;;;;;;
556;;;;;;;
557;;;;;;;
558;;;;;;;
559;;;;;;;
560;;;;;;;
561;;;;;;;
562;;;;;;;
563;;;;;;;
564;;;;;;;
565;;;;;;;
566;;;;;;;
567;;;;;;;
568;;;;;;;
569;;;;;;;
570;;;;;;;
571;;;;;;;
572;;;;;;;
573;;;;;;;
574;;;;;;;
575;;;;;;;
576;;;;;;;
577;;;;;;;
578;;;;;;;
579;;;;;;;
580;;;;;;;
581;;;;;;;
582;;;;;;;
583;;;;;;;
584;;;;;;;
585;;;;;;;
586;;;;;;;
587;;;;;;;
588;;;;;;;
589;;;;;;;
590;;;;;;;
591;;;;;;;
592;;;;;;;
593;;;;;;;
594;;;;;;;
595;;;;;;;
596;;;;;;;
597;;;;;;;
598;;;;;;;
599;;;;;;;
600;;;;;;;
601;;;;;;;
602;;;;;;;
603;;;;;;;
604;;;;;;;
605;;;;;;;
606;;;;;;;
607;;;;;;;
608;;;;;;;
609;;;;;;;
610;;;;;;;
611;;;;;;;
612;;;;;;;
613;;;;;;;
614;;;;;;;
615;;;;;;;
616;;;;;;;
617;;;;;;;
618;;;;;;;
619;;;;;;;
620;;;;;;;
621;;;;;;;
622;;;;;;;
623;;;;;;;
624;;;;;;;
625;;;;;;;
626;;;;;;;
627;;;;;;;
628;;;;;;;
629;;;;;;;
630;;;;;;;
631;;;;;;;
632;;;;;;;
633;;;;;;;
634;;;;;;;
635;;;;;;;
636;;;;;;;
637;;;;;;;
638;;;;;;;
639;;;;;;;
640;;;;;;;
641;;;;;;;
642;;;;;;;
643;;;;;;;
644;;;;;;;
645;;;;;;;
646;;;;;;;
647;;;;;;;
648;;;;;;;
649;;;;;;;
650;;;;;;;
651;;;;;;;
652;;;;;;;
653;;;;;;;
654;;;;;;;
655;;;;;;;
656;;;;;;;
657;;;;;;;
658;;;;;;;
659;;;;;;;
660;;;;;;;
661;;;;;;;
662;;;;;;;
663;;;;;;;
664;;;;;;;
665;;;;;;;
666;;;;;;;
667;;;;;;;
668;;;;;;;
669;;;;;;;
670;;;;;;;
671;;;;;;;
672;;;;;;;
673;;;;;;;
674;;;;;;;
675;;;;;;;
676;;;;;;;
677;;;;;;;
678;;;;;;;
679;;;;;;;
680;;;;;;;
681;;;;;;;
682;;;;;;;
683;;;;;;;
684;;;;;;;
685;;;;;;;
686;;;;;;;
687;;;;;;;
688;;;;;;;
689;;;;;;;
690;;;;;;;
691;;;;;;;
692;;;;;;;
693;;;;;;;
694;;;;;;;
695;;;;;;;
696;;;;;;;
697;;;;;;;
698;;;;;;;
699;;;;;;;
700;;;;;;;
701;;;;;;;
702;;;;;;;
703;;;;;;;
704;;;;;;;
705;;;;;;;
706;;;;;;;
707;;;;;;;
708;;;;;;;
709;;;;;;;
710;;;;;;;
711;;;;;;;
712;;;;;;;
713;;;;;;;
714;;;;;;;
715;;;;;;;
716;;;;;;;
717;;;;;;;
718;;;;;;;
719;;;;;;;
720;;;;;;;
721;;;;;;;
722;;;;;;;
723;;;;;;;
724;;;;;;;
725;;;;;;;
726;;;;;;;
727;;;;;;;
728;;;;;;;
729;;;;;;;
730;;;;;;;
731;;;;;;;
732;;;;;;;
733;;;;;;;
734;;;;;;;
735;;;;;;;
736;;;;;;;
737;;;;;;;
738;;;;;;;
739;;;;;;;
740;;;;;;;
741;;;;;;;
742;;;;;;;
743;;;;;;;
744;;;;;;;
745;;;;;;;
746;;;;;;;
747;;;;;;;
748;;;;;;;
749;;;;;;;
750;;;;;;;
751;;;;;;;
752;;;;;;;
753;;;;;;;
754;;;;;;;
755;;;;;;;
756;;;;;;;
757;;;;;;;
758;;;;;;;
759;;;;;;;
760;;;;;;;
761;;;;;;;
762;;;;;;;
763;;;;;;;
764;;;;;;;
765;;;;;;;
766;;;;;;;
767;;;;;;;
768;;;;;;;
769;;;;;;;
770;;;;;;;
771;;;;;;;
772;;;;;;;
773;;;;;;;
774;;;;;;;
775;;;;;;;
776;;;;;;;
777;;;;;;;
778;;;;;;;
779;;;;;;;
780;;;;;;;
781;;;;;;;
782;;;;;;;
783;;;;;;;
784;;;;;;;
785;;;;;;;
786;;;;;;;
787;;;;;;;
788;;;;;;;
789;;;;;;;
790;;;;;;;
791;;;;;;;
792;;;;;;;
793;;;;;;;
794;;;;;;;
795;;;;;;;
796;;;;;;;
797;;;;;;;
798;;;;;;;
799;;;;;;;
800;;;;;;;
801;;;;;;;
802;;;;;;;
803;;;;;;;
804;;;;;;;
805;;;;;;;
806;;;;;;;
807;;;;;;;
808;;;;;;;
809;;;;;;;
810;;;;;;;
811;;;;;;;
812;;;;;;;
813;;;;;;;
814;;;;;;;
815;;;;;;;
816;;;;;;;
817;;;;;;;
818;;;;;;;
819;;;;;;;
820;;;;;;;
821;;;;;;;
822;;;;;;;
823;;;;;;;
824;;;;;;;
825;;;;;;;
826;;;;;;;
827;;;;;;;
828;;;;;;;
829;;;;;;;
830;;;;;;;
831;;;;;;;
832;;;;;;;
833;;;;;;;
834;;;;;;;
835;;;;;;;
836;;;;;;;
837;;;;;;;
838;;;;;;;
839;;;;;;;
840;;;;;;;
841;;;;;;;
842;;;;;;;
843;;;;;;;
844;;;;;;;
845;;;;;;;
846;;;;;;;
847;;;;;;;
848;;;;;;;
849;;;;;;;
850;;;;;;;
851;;;;;;;
852;;;;;;;
853;;;;;;;
854;;;;;;;
855;;;;;;;
856;;;;;;;
857;;;;;;;
858;;;;;;;
859;;;;;;;
860;;;;;;;
861;;;;;;;
862;;;;;;;
863;;;;;;;
864;;;;;;;
865;;;;;;;
866;;;;;;;
867;;;;;;;
868;;;;;;;
869;;;;;;;
870;;;;;;;
871;;;;;;;
872;;;;;;;
873;;;;;;;
874;;;;;;;
875;;;;;;;
876;;;;;;;
877;;;;;;;
878;;;;;;;
879;;;;;;;
880;;;;;;;
881;;;;;;;
882;;;;;;;
883;;;;;;;
884;;;;;;;
885;;;;;;;
886;;;;;;;
887;;;;;;;
888;;;;;;;
889;;;;;;;
890;;;;;;;
891;;;;;;;
892;;;;;;;
893;;;;;;;
894;;;;;;;
895;;;;;;;
896;;;;;;;
897;;;;;;;
898;;;;;;;
899;;;;;;;
900;;;;;;;
901;;;;;;;
902;;;;;;;
903;;;;;;;
904;;;;;;;
905;;;;;;;
906;;;;;;;
907;;;;;;;
908;;;;;;;
909;;;;;;;
910;;;;;;;
911;;;;;;;
912;;;;;;;
913;;;;;;;
914;;;;;;;
915;;;;;;;
916;;;;;;;
917;;;;;;;
918;;;;;;;
919;;;;;;;
920;;;;;;;
921;;;;;;;
922;;;;;;;
923;;;;;;;
924;;;;;;;
925;;;;;;;
926;;;;;;;
927;;;;;;;
928;;;;;;;
929;;;;;;;
930;;;;;;;
931;;;;;;;
932;;;;;;;
933;;;;;;;
934;;;;;;;
935;;;;;;;
936;;;;;;;
937;;;;;;;
938;;;;;;;
939;;;;;;;
940;;;;;;;
941;;;;;;;
942;;;;;;;
943;;;;;;;
944;;;;;;;
945;;;;;;;
946;;;;;;;
947;;;;;;;
948;;;;;;;
949;;;;;;;
950;;;;;;;
951;;;;;;;
952;;;;;;;
953;;;;;;;
954;;;;;;;
955;;;;;;;
956;;;;;;;
957;;;;;;;
958;;;;;;;
959;;;;;;;
960;;;;;;;
961;;;;;;;
962;;;;;;;
963;;;;;;;
964;;;;;;;
965;;;;;;;
966;;;;;;;
967;;;;;;;
968;;;;;;;
969;;;;;;;
970;;;;;;;
971;;;;;;;
972;;;;;;;
973;;;;;;;
974;;;;;;;
975;;;;;;;
976;;;;;;;
977;;;;;;;
978;;;;;;;
979;;;;;;;
980;;;;;;;
981;;;;;;;
982;;;;;;;
983;;;;;;;
984;;;;;;;
985;;;;;;;
986;;;;;;;
987;;;;;;;
988;;;;;;;
989;;;;;;;
990;;;;;;;
991;;;;;;;
992;;;;;;;
993;;;;;;;
994;;;;;;;
995;;;;;;;
996;;;;;;;
997;;;;;;;
998;;;;;;;
999;;;;;;;
1000;;;;;;;
1001;;;;;;;
1002;;;;;;;
1003;;;;;;;
1004;;;;;;;
1005;;;;;;;
1006;;;;;;;
1007;;;;;;;
1008;;;;;;;
1009;;;;;;;
1010;;;;;;;
1011;;;;;;;
1012;;;;;;;
1013;;;;;;;
1014;;;;;;;
1015;;;;;;;
1016;;;;;;;
1017;;;;;;;
1018;;;;;;;
1019;;;;;;;
1020;;;;;;;
1021;;;;;;;
1022;;;;;;;
1023;;;;;;;
1024;;;;;;;
1025;;;;;;;
1026;;;;;;;
1027;;;;;;;
1028;;;;;;;
1029;;;;;;;
1030;;;;;;;
1031;;;;;;;
1032;;;;;;;
1033;;;;;;;
1034;;;;;;;
1035;;;;;;;
1036;;;;;;;
1037;;;;;;;
1038;;;;;;;
1039;;;;;;;
1040;;;;;;;
1041;;;;;;;
1042;;;;;;;
1043;;;;;;;
1044;;;;;;;
1045;;;;;;;
1046;;;;;;;
1047;;;;;;;
1048;;;;;;;
1049;;;;;;;
1050;;;;;;;
1051;;;;;;;
1052;;;;;;;
1053;;;;;;;
1054;;;;;;;
1055;;;;;;;
1056;;;;;;;
1057;;;;;;;
1058;;;;;;;
1059;;;;;;;
1060;;;;;;;
1061;;;;;;;
1062;;;;;;;
1063;;;;;;;
1064;;;;;;;
1065;;;;;;;
1066;;;;;;;
1067;;;;;;;
1068;;;;;;;
1069;;;;;;;
1070;;;;;;;
1071;;;;;;;
1072;;;;;;;
1073;;;;;;;
1074;;;;;;;
1075;;;;;;;
1076;;;;;;;
1077;;;;;;;
1078;;;;;;;
1079;;;;;;;
1080;;;;;;;
1081;;;;;;;
1082;;;;;;;
1083;;;;;;;
1084;;;;;;;
1085;;;;;;;
1086;;;;;;;
1087;;;;;;;
1088;;;;;;;
1089;;;;;;;
1090;;;;;;;
1091;;;;;;;
1092;;;;;;;
1093;;;;;;;
1094;;;;;;;
1095;;;;;;;
1096;;;;;;;
1097;;;;;;;
1098;;;;;;;
1099;;;;;;;
1100;;;;;;;
1101;;;;;;;
1102;;;;;;;
1103;;;;;;;
1104;;;;;;;
1105;;;;;;;
1106;;;;;;;
1107;;;;;;;
1108;;;;;;;
1109;;;;;;;
1110;;;;;;;
1111;;;;;;;
1112;;;;;;;
1113;;;;;;;
1114;;;;;;;
1115;;;;;;;
1116;;;;;;;
1117;;;;;;;
1118;;;;;;;
1119;;;;;;;
1120;;;;;;;
1121;;;;;;;
1122;;;;;;;
1123;;;;;;;
1124;;;;;;;
1125;;;;;;;
1126;;;;;;;
1127;;;;;;;
1128;;;;;;;
1129;;;;;;;
1130;;;;;;;
1131;;;;;;;
1132;;;;;;;
1133;;;;;;;
1134;;;;;;;
1135;;;;;;;
1136;;;;;;;
1137;;;;;;;
1138;;;;;;;
1139;;;;;;;
1140;;;;;;;
1141;;;;;;;
1142;;;;;;;
1143;;;;;;;
1144;;;;;;;
1145;;;;;;;
1146;;;;;;;
1147;;;;;;;
1148;;;;;;;
1149;;;;;;;
1150;;;;;;;
1151;;;;;;;
1152;;;;;;;
1153;;;;;;;
1154;;;;;;;
1155;;;;;;;
1156;;;;;;;
1157;;;;;;;
1158;;;;;;;
1159;;;;;;;
1160;;;;;;;
1161;;;;;;;
1162;;;;;;;
1163;;;;;;;
1164;;;;;;;
1165;;;;;;;
1166;;;;;;;
1167;;;;;;;
1168;;;;;;;
1169;;;;;;;
1170;;;;;;;
1171;;;;;;;
1172;;;;;;;
1173;;;;;;;
1174;;;;;;;
1175;;;;;;;
1176;;;;;;;
1177;;;;;;;
1178;;;;;;;
1179;;;;;;;
1180;;;;;;;
1181;;;;;;;
1182;;;;;;;
1183;;;;;;;
1184;;;;;;;
1185;;;;;;;
1186;;;;;;;
1187;;;;;;;
1188;;;;;;;
1189;;;;;;;
1190;;;;;;;
1191;;;;;;;
1192;;;;;;;
1193;;;;;;;
1194;;;;;;;
1195;;;;;;;
1196;;;;;;;
1197;;;;;;;
1198;;;;;;;
1199;;;;;;;
1200;;;;;;;
1201;;;;;;;
1202;;;;;;;
1203;;;;;;;
1204;;;;;;;
1205;;;;;;;
1206;;;;;;;
1207;;;;;;;
1208;;;;;;;
1209;;;;;;;
1210;;;;;;;
1211;;;;;;;
1212;;;;;;;
1213;;;;;;;
1214;;;;;;;
1215;;;;;;;
1216;;;;;;;
1217;;;;;;;
1218;;;;;;;
1219;;;;;;;
1220;;;;;;;
1221;;;;;;;
1222;;;;;;;
1223;;;;;;;
1224;;;;;;;
1225;;;;;;;
1226;;;;;;;
1227;;;;;;;
1228;;;;;;;
1229;;;;;;;
1230;;;;;;;
1231;;;;;;;
1232;;;;;;;
1233;;;;;;;
1234;;;;;;;
1235;;;;;;;
1236;;;;;;;
1237;;;;;;;
1238;;;;;;;
1239;;;;;;;
1240;;;;;;;
1241;;;;;;;
1242;;;;;;;
1243;;;;;;;
1244;;;;;;;
1245;;;;;;;
1246;;;;;;;
1247;;;;;;;
1248;;;;;;;
1249;;;;;;;
1250;;;;;;;
1251;;;;;;;
1252;;;;;;;
1253;;;;;;;
1254;;;;;;;
1255;;;;;;;
1256;;;;;;;
1257;;;;;;;
1258;;;;;;;
1259;;;;;;;
1260;;;;;;;
1261;;;;;;;
1262;;;;;;;
1263;;;;;;;
1264;;;;;;;
1265;;;;;;;
1266;;;;;;;
1267;;;;;;;
1268;;;;;;;
1269;;;;;;;
1270;;;;;;;
1271;;;;;;;
1272;;;;;;;
1273;;;;;;;
1274;;;;;;;
1275;;;;;;;
1276;;;;;;;
1277;;;;;;;
1278;;;;;;;
1279;;;;;;;
1280;;;;;;;
1281;;;;;;;
1282;;;;;;;
1283;;;;;;;
1284;;;;;;;
1285;;;;;;;
1286;;;;;;;
1287;;;;;;;
1288;;;;;;;
1289;;;;;;;
1290;;;;;;;
1291;;;;;;;
1292;;;;;;;
1293;;;;;;;
1294;;;;;;;
1295;;;;;;;
1296;;;;;;;
1297;;;;;;;
1298;;;;;;;
1299;;;;;;;
1300;;;;;;;
1301;;;;;;;
1302;;;;;;;
1303;;;;;;;
1304;;;;;;;
1305;;;;;;;
1306;;;;;;;
1307;;;;;;;
1308;;;;;;;
1309;;;;;;;
1310;;;;;;;
1311;;;;;;;
1312;;;;;;;
1313;;;;;;;
1314;;;;;;;
1315;;;;;;;
1316;;;;;;;
1317;;;;;;;
1318;;;;;;;
1319;;;;;;;
1320;;;;;;;
1321;;;;;;;
1322;;;;;;;
1323;;;;;;;
1324;;;;;;;
1325;;;;;;;
1326;;;;;;;
1327;;;;;;;
1328;;;;;;;
1329;;;;;;;
1330;;;;;;;
1331;;;;;;;
1332;;;;;;;
1333;;;;;;;
1334;;;;;;;
1335;;;;;;;
1336;;;;;;;
1337;;;;;;;
1338;;;;;;;
1339;;;;;;;
1340;;;;;;;
1341;;;;;;;
1342;;;;;;;
1343;;;;;;;
1344;;;;;;;
1345;;;;;;;
1346;;;;;;;
1347;;;;;;;
1348;;;;;;;
1349;;;;;;;
1350;;;;;;;
1351;;;;;;;
1352;;;;;;;
1353;;;;;;;
1354;;;;;;;
1355;;;;;;;
1356;;;;;;;
1357;;;;;;;
1358;;;;;;;
1359;;;;;;;
1360;;;;;;;
1361;;;;;;;
1362;;;;;;;
1363;;;;;;;
1364;;;;;;;
1365;;;;;;;
1366;;;;;;;
1367;;;;;;;
1368;;;;;;;
1369;;;;;;;
1370;;;;;;;
1371;;;;;;;
1372;;;;;;;
1373;;;;;;;
1374;;;;;;;
1375;;;;;;;
1376;;;;;;;
1377;;;;;;;
1378;;;;;;;
1379;;;;;;;
1380;;;;;;;
1381;;;;;;;
1382;;;;;;;
1383;;;;;;;
1384;;;;;;;
1385;;;;;;;
1386;;;;;;;
1387;;;;;;;
1388;;;;;;;
1389;;;;;;;
1390;;;;;;;
1391;;;;;;;
1392;;;;;;;
1393;;;;;;;
1394;;;;;;;
1395;;;;;;;
1396;;;;;;;
1397;;;;;;;
1398;;;;;;;
1399;;;;;;;
1400;;;;;;;
1401;;;;;;;
1402;;;;;;;
1403;;;;;;;
1404;;;;;;;
1405;;;;;;;
1406;;;;;;;
1407;;;;;;;
1408;;;;;;;
1409;;;;;;;
1410;;;;;;;
1411;;;;;;;
1412;;;;;;;
1413;;;;;;;
1414;;;;;;;
1415;;;;;;;
1416;;;;;;;
1417;;;;;;;
1418;;;;;;;
1419;;;;;;;
1420;;;;;;;
1421;;;;;;;
1422;;;;;;;
1423;;;;;;;
1424;;;;;;;
1425;;;;;;;
1426;;;;;;;
1427;;;;;;;
1428;;;;;;;
1429;;;;;;;
1430;;;;;;;
1431;;;;;;;
1432;;;;;;;
1433;;;;;;;
1434;;;;;;;
1435;;;;;;;
1436;;;;;;;
1437;;;;;;;
1438;;;;;;;
1439;;;;;;;
1440;;;;;;;
1441;;;;;;;
1442;;;;;;;
1443;;;;;;;
1444;;;;;;;
1445;;;;;;;
1446;;;;;;;
1447;;;;;;;
1448;;;;;;;
1449;;;;;;;
1450;;;;;;;
1451;;;;;;;
1452;;;;;;;
1453;;;;;;;
1454;;;;;;;
1455;;;;;;;
1456;;;;;;;
1457;;;;;;;
1458;;;;;;;
1459;;;;;;;
1460;;;;;;;
1461;;;;;;;
1462;;;;;;;
1463;;;;;;;
1464;;;;;;;
1465;;;;;;;
1466;;;;;;;
1467;;;;;;;
1468;;;;;;;
1469;;;;;;;
1470;;;;;;;
1471;;;;;;;
1472;;;;;;;
1473;;;;;;;
1474;;;;;;;
1475;;;;;;;
1476;;;;;;;
1477;;;;;;;
1478;;;;;;;
1479;;;;;;;
1480;;;;;;;
1481;;;;;;;
1482;;;;;;;
1483;;;;;;;
1484;;;;;;;
1485;;;;;;;
1486;;;;;;;
1487;;;;;;;
1488;;;;;;;
1489;;;;;;;
1490;;;;;;;
1491;;;;;;;
1492;;;;;;;
1493;;;;;;;
1494;;;;;;;
1495;;;;;;;
1496;;;;;;;
1497;;;;;;;
1498;;;;;;;
1499;;;;;;;
1500;;;;;;;
1501;;;;;;;
1502;;;;;;;
1503;;;;;;;
1504;;;;;;;
1505;;;;;;;
1506;;;;;;;
1507;;;;;;;
1508;;;;;;;
1509;;;;;;;
1510;;;;;;;
1511;;;;;;;
1512;;;;;;;
1513;;;;;;;
1514;;;;;;;
1515;;;;;;;
1516;;;;;;;
1517;;;;;;;
1518;;;;;;;
1519;;;;;;;
1520;;;;;;;
1521;;;;;;;
1522;;;;;;;
1523;;;;;;;
1524;;;;;;;
1525;;;;;;;
1526;;;;;;;
1527;;;;;;;
1528;;;;;;;
1529;;;;;;;
1530;;;;;;;
1531;;;;;;;
1532;;;;;;;
1533;;;;;;;
1534;;;;;;;
1535;;;;;;;
1536;;;;;;;
1537;;;;;;;
1538;;;;;;;
1539;;;;;;;
1540;;;;;;;
1541;;;;;;;
1542;;;;;;;
1543;;;;;;;
1544;;;;;;;
1545;;;;;;;
1546;;;;;;;
1547;;;;;;;
1548;;;;;;;
1549;;;;;;;
1550;;;;;;;
1551;;;;;;;
1552;;;;;;;
1553;;;;;;;
1554;;;;;;;
1555;;;;;;;
1556;;;;;;;
1557;;;;;;;
1558;;;;;;;
1559;;;;;;;
1560;;;;;;;
1561;;;;;;;
1562;;;;;;;
1563;;;;;;;
1564;;;;;;;
1565;;;;;;;
1566;;;;;;;
1567;;;;;;;
1568;;;;;;;
1569;;;;;;;
1570;;;;;;;
1571;;;;;;;
1572;;;;;;;
1573;;;;;;;
1574;;;;;;;
1575;;;;;;;
1576;;;;;;;
1577;;;;;;;
1578;;;;;;;
1579;;;;;;;
1580;;;;;;;
1581;;;;;;;
1582;;;;;;;
1583;;;;;;;
1584;;;;;;;
1585;;;;;;;
1586;;;;;;;
1587;;;;;;;
1588;;;;;;;
1589;;;;;;;
1590;;;;;;;
1591;;;;;;;
1592;;;;;;;
1593;;;;;;;
1594;;;;;;;
1595;;;;;;;
1596;;;;;;;
1597;;;;;;;
1598;;;;;;;
1599;;;;;;;
1600;;;;;;;
1601;;;;;;;
1602;;;;;;;
1603;;;;;;;
1604;;;;;;;
1605;;;;;;;
1606;;;;;;;
1607;;;;;;;
1608;;;;;;;
1609;;;;;;;
1610;;;;;;;
1611;;;;;;;
1612;;;;;;;
1613;;;;;;;
1614;;;;;;;
1615;;;;;;;
1616;;;;;;;
1617;;;;;;;
1618;;;;;;;
1619;;;;;;;
1620;;;;;;;
1621;;;;;;;
1622;;;;;;;
1623;;;;;;;
1624;;;;;;;
1625;;;;;;;
1626;;;;;;;
1627;;;;;;;
1628;;;;;;;
1629;;;;;;;
1630;;;;;;;
1631;;;;;;;
1632;;;;;;;
1633;;;;;;;
1634;;;;;;;
1635;;;;;;;
1636;;;;;;;
1637;;;;;;;
1638;;;;;;;
1639;;;;;;;
1640;;;;;;;
1641;;;;;;;
1642;;;;;;;
1643;;;;;;;
1644;;;;;;;
1645;;;;;;;
1646;;;;;;;
1647;;;;;;;
1648;;;;;;;
1649;;;;;;;
1650;;;;;;;
1651;;;;;;;
1652;;;;;;;
1653;;;;;;;
1654;;;;;;;
1655;;;;;;;
1656;;;;;;;
1657;;;;;;;
1658;;;;;;;
1659;;;;;;;
1660;;;;;;;
1661;;;;;;;
1662;;;;;;;
1663;;;;;;;
1664;;;;;;;
1665;;;;;;;
1666;;;;;;;
1667;;;;;;;
1668;;;;;;;
1669;;;;;;;
1670;;;;;;;
1671;;;;;;;
1672;;;;;;;
1673;;;;;;;
1674;;;;;;;
1675;;;;;;;
1676;;;;;;;
1677;;;;;;;
1678;;;;;;;
1679;;;;;;;
1680;;;;;;;
1681;;;;;;;
1682;;;;;;;
1683;;;;;;;
1684;;;;;;;
1685;;;;;;;
1686;;;;;;;
1687;;;;;;;
1688;;;;;;;
1689;;;;;;;
1690;;;;;;;
1691;;;;;;;
1692;;;;;;;
1693;;;;;;;
1694;;;;;;;
1695;;;;;;;
1696;;;;;;;
1697;;;;;;;
1698;;;;;;;
1699;;;;;;;
1700;;;;;;;
1701;;;;;;;
1702;;;;;;;
1703;;;;;;;
1704;;;;;;;
1705;;;;;;;
1706;;;;;;;
1707;;;;;;;
1708;;;;;;;
1709;;;;;;;
1710;;;;;;;
1711;;;;;;;
1712;;;;;;;
1713;;;;;;;
1714;;;;;;;
1715;;;;;;;
1716;;;;;;;
1717;;;;;;;
1718;;;;;;;
1719;;;;;;;
1720;;;;;;;
1721;;;;;;;
1722;;;;;;;
1723;;;;;;;
1724;;;;;;;
1725;;;;;;;
1726;;;;;;;
1727;;;;;;;
1728;;;;;;;
1729;;;;;;;
1730;;;;;;;
1731;;;;;;;
1732;;;;;;;
1733;;;;;;;
1734;;;;;;;
1735;;;;;;;
1736;;;;;;;
1737;;;;;;;
1738;;;;;;;
1739;;;;;;;
1740;;;;;;;
1741;;;;;;;
1742;;;;;;;
1743;;;;;;;
1744;;;;;;;
1745;;;;;;;
1746;;;;;;;
1747;;;;;;;
1748;;;;;;;
1749;;;;;;;
1750;;;;;;;
1751;;;;;;;
1752;;;;;;;
1753;;;;;;;
1754;;;;;;;
1755;;;;;;;
1756;;;;;;;
1757;;;;;;;
1758;;;;;;;
1759;;;;;;;
1760;;;;;;;
1761;;;;;;;
1762;;;;;;;
1763;;;;;;;
1764;;;;;;;
1765;;;;;;;
1766;;;;;;;
1767;;;;;;;
1768;;;;;;;
1769;;;;;;;
1770;;;;;;;
1771;;;;;;;
1772;;;;;;;
1773;;;;;;;
1774;;;;;;;
1775;;;;;;;
1776;;;;;;;
1777;;;;;;;
1778;;;;;;;
1779;;;;;;;
1780;;;;;;;
1781;;;;;;;
1782;;;;;;;
1783;;;;;;;
1784;;;;;;;
1785;;;;;;;
1786;;;;;;;
1787;;;;;;;
1788;;;;;;;
1789;;;;;;;
1790;;;;;;;
1791;;;;;;;
1792;;;;;;;
1793;;;;;;;
1794;;;;;;;
1795;;;;;;;
1796;;;;;;;
1797;;;;;;;
1798;;;;;;;
1799;;;;;;;
1800;;;;;;;
1801;;;;;;;
1802;;;;;;;
1803;;;;;;;
1804;;;;;;;
1805;;;;;;;
1806;;;;;;;
1807;;;;;;;
1808;;;;;;;
1809;;;;;;;
1810;;;;;;;
1811;;;;;;;
1812;;;;;;;
1813;;;;;;;
1814;;;;;;;
1815;;;;;;;
1816;;;;;;;
1817;;;;;;;
1818;;;;;;;
1819;;;;;;;
1820;;;;;;;
1821;;;;;;;
1822;;;;;;;
1823;;;;;;;
1824;;;;;;;
1825;;;;;;;
1826;;;;;;;
1827;;;;;;;
1828;;;;;;;
1829;;;;;;;
1830;;;;;;;
1831;;;;;;;
1832;;;;;;;
1833;;;;;;;
1834;;;;;;;
1835;;;;;;;
1836;;;;;;;
1837;;;;;;;
1838;;;;;;;
1839;;;;;;;
1840;;;;;;;
1841;;;;;;;
1842;;;;;;;
1843;;;;;;;
1844;;;;;;;
1845;;;;;;;
1846;;;;;;;
1847;;;;;;;
1848;;;;;;;
1849;;;;;;;
1850;;;;;;;
1851;;;;;;;
1852;;;;;;;
1853;;;;;;;
1854;;;;;;;
1855;;;;;;;
1856;;;;;;;
1857;;;;;;;
1858;;;;;;;
1859;;;;;;;
1860;;;;;;;
1861;;;;;;;
1862;;;;;;;
1863;;;;;;;
1864;;;;;;;
1865;;;;;;;
1866;;;;;;;
1867;;;;;;;
1868;;;;;;;
1869;;;;;;;
1870;;;;;;;
1871;;;;;;;
1872;;;;;;;
1873;;;;;;;
1874;;;;;;;
1875;;;;;;;
1876;;;;;;;
1877;;;;;;;
1878;;;;;;;
1879;;;;;;;
1880;;;;;;;
1881;;;;;;;
1882;;;;;;;
1883;;;;;;;
1884;;;;;;;
1885;;;;;;;
1886;;;;;;;
1887;;;;;;;
1888;;;;;;;
1889;;;;;;;
1890;;;;;;;
1891;;;;;;;
1892;;;;;;;
1893;;;;;;;
1894;;;;;;;
1895;;;;;;;
1896;;;;;;;
1897;;;;;;;
1898;;;;;;;
1899;;;;;;;
1900;;;;;;;
1901;;;;;;;
1902;;;;;;;
1903;;;;;;;
1904;;;;;;;
1905;;;;;;;
1906;;;;;;;
1907;;;;;;;
1908;;;;;;;
1909;;;;;;;
1910;;;;;;;
1911;;;;;;;
1912;;;;;;;
1913;;;;;;;
1914;;;;;;;
1915;;;;;;;
1916;;;;;;;
1917;;;;;;;
1918;;;;;;;
1919;;;;;;;
1920;;;;;;;
1921;;;;;;;
1922;;;;;;;
1923;;;;;;;
1924;;;;;;;
1925;;;;;;;
1926;;;;;;;
1927;;;;;;;
1928;;;;;;;
1929;;;;;;;
1930;;;;;;;
1931;;;;;;;
1932;;;;;;;
1933;;;;;;;
1934;;;;;;;
1935;;;;;;;
1936;;;;;;;
1937;;;;;;;
1938;;;;;;;
1939;;;;;;;
1940;;;;;;;
1941;;;;;;;
1942;;;;;;;
1943;;;;;;;
1944;;;;;;;
1945;;;;;;;
1946;;;;;;;
1947;;;;;;;
1948;;;;;;;
1949;;;;;;;
1950;;;;;;;
1951;;;;;;;
1952;;;;;;;
1953;;;;;;;
1954;;;;;;;
1955;;;;;;;
1956;;;;;;;
1957;;;;;;;
1958;;;;;;;
1959;;;;;;;
1960;;;;;;;
1961;;;;;;;
1962;;;;;;;
1963;;;;;;;
1964;;;;;;;
1965;;;;;;;
1966;;;;;;;
1967;;;;;;;
1968;;;;;;;
1969;;;;;;;
1970;;;;;;;
1971;;;;;;;
1972;;;;;;;
1973;;;;;;;
1974;;;;;;;
1975;;;;;;;
1976;;;;;;;
1977;;;;;;;
1978;;;;;;;
1979;;;;;;;
1980;;;;;;;
1981;;;;;;;
1982;;;;;;;
1983;;;;;;;
1984;;;;;;;
1985;;;;;;;
1986;;;;;;;
1987;;;;;;;
1988;;;;;;;
1989;;;;;;;
1990;;;;;;;
1991;;;;;;;
1992;;;;;;;
1993;;;;;;;
1994;;;;;;;
1995;;;;;;;
1996;;;;;;;
1997;;;;;;;
1998;;;;;;;
1999;;;;;;;
2000;;;;;;;
2001;;;;;;;
2002;;;;;;;
2003;;;;;;;
2004;;;;;;;
2005;;;;;;;
2006;;;;;;;
2007;;;;;;;
2008;;;;;;;
2009;;;;;;;
2010;;;;;;;
2011;;;;;;;
2012;;;;;;;
2013;;;;;;;
2014;;;;;;;
2015;;;;;;;
2016;;;;;;;
2017;;;;;;;
2018;;;;;;;
2019;;;;;;;
2020;;;;;;;
2021;;;;;;;
2022;;;;;;;
2023;;;;;;;
2024;;;;;;;
2025;;;;;;;
2026;;;;;;;
2027;;;;;;;
2028;;;;;;;
2029;;;;;;;
2030;;;;;;;
2031;;;;;;;
2032;;;;;;;
2033;;;;;;;
2034;;;;;;;
2035;;;;;;;
2036;;;;;;;
2037;;;;;;;
2038;;;;;;;
2039;;;;;;;
2040;;;;;;;
2041;;;;;;;
2042;;;;;;;
2043;;;;;;;
2044;;;;;;;
2045;;;;;;;
2046;;;;;;;
2047;;;;;;;
2048;;;;;;;
2049;;;;;;;
2050;;;;;;;
2051;;;;;;;
2052;;;;;;;
2053;;;;;;;
2054;;;;;;;
2055;;;;;;;
2056;;;;;;;
2057;;;;;;;
2058;;;;;;;
2059;;;;;;;
2060;;;;;;;
2061;;;;;;;
2062;;;;;;;
2063;;;;;;;
2064;;;;;;;
2065;;;;;;;
2066;;;;;;;
2067;;;;;;;
2068;;;;;;;
2069;;;;;;;
2070;;;;;;;
2071;;;;;;;
2072;;;;;;;
2073;;;;;;;
2074;;;;;;;
2075;;;;;;;
2076;;;;;;;
2077;;;;;;;
2078;;;;;;;
2079;;;;;;;
2080;;;;;;;
2081;;;;;;;
2082;;;;;;;
2083;;;;;;;
2084;;;;;;;
2085;;;;;;;
2086;;;;;;;
2087;;;;;;;
2088;;;;;;;
2089;;;;;;;
2090;;;;;;;
2091;;;;;;;
2092;;;;;;;
2093;;;;;;;
2094;;;;;;;
2095;;;;;;;
2096;;;;;;;
2097;;;;;;;
2098;;;;;;;
2099;;;;;;;
2100;;;;;;;
2101;;;;;;;
2102;;;;;;;
2103;;;;;;;
2104;;;;;;;
2105;;;;;;;
2106;;;;;;;
2107;;;;;;;
2108;;;;;;;
2109;;;;;;;
2110;;;;;;;
2111;;;;;;;
2112;;;;;;;
2113;;;;;;;
2114;;;;;;;
